{
  "id": "carousel",
  "title": "Carousel",
  "caption": ["Item", "Items"],
  "icon": "material:view_carousel",
  "remote_template": {
    "editor": "%%%editor_base_url%%%/templates/component/carousel.html?_=%%%timestamp%%%",
    "publish": "%%%publish_template_base_url%%%/templates/component/carousel.html?_=%%%timestamp%%%"
  },
  "properties": {
    "fields": [
      { "name": "tilesPerRow", "caption": "Tiles Per Row", "type": "varchar", "control": "dropdown", "default": "auto",
        "lov": { "values": { "auto": "Auto", "1": "1", "2": "2", "3": "3", "4": "4", "6": "6", "8": "8" } }},

      { "name": "minTileHeight", "caption": "Tile Min Height", "type": "varchar", "default": "",
        "control": "textbox", "controlstyle": "width:80px", "controlparams": { "placeholder": "ex: 300px" },
      },

      { "name": "maxTileHeight", "caption": "Max Height", "type": "varchar", "default": "", "nl": false,
        "control": "textbox", "controlstyle": "width:80px", "controlparams": { "placeholder": "ex: 300px" },
      },

      { "name": "titlePosition", "type": "varchar", "control": "dropdown", "caption": "Title Position", "default": "bottom",
        "lov": { "values": { "overlay": "Overlay Image", "top": "Above Image", "bottom": "Below Image", "none": "None" } }},

      { "name": "bodyPosition", "type": "varchar", "control": "dropdown", "caption": "Body", "default": "bottom", "captionstyle":"margin-left:7px;", "nl": false,
        "lov": { "values": { "overlay": "Overlay Image", "top": "Above Image", "bottom": "Below Image", "none": "None" } }},


      { "name": "cssStyle", "caption": "CSS Style", "type": "varchar", "length": 1024,
        "control": "textbox", "controlstyle": "width:260px", "validate": ["MaxLength:1024"]},

      { "name": "cssClass", "caption": "CSS Class", "type": "varchar", "length": 1024,
        "control": "textbox", "controlstyle": "width:260px", "validate": ["MaxLength:1024"]},

      { "name": "wrapper", "caption": "Wrapper", "type": "varchar",
        "control": "textarea", "controlstyle": "height:150px;width:260px",
        "validate": [
          { "function":"js:if(_obj.wrapper && ((_obj.wrapper||'').toString().indexOf('%%%CONTENT%%%') <= 0)) return 'Wrapper requires %%%CONTENT%%% flag';" },
          { "function":"js:if(_obj.wrapper && ((_obj.wrapper||'').toString().split('%%%CONTENT%%%').length > 2)) return 'Wrapper can only have one %%%CONTENT%%% flag';" }
        ]
      },
      
      { "control": "html", "value": "<b>Example:</b> &lt;div&gt;%%%CONTENT%%%&lt;/div&gt;", "nl": "true" },
    ]
  },
  "data": {
    "layout": "grid_preview",
    "popup": [500,200],
    "fields": [

      { "name": "image", "control": "media_browser", "caption": "Image", "length": 1024, "validate": ["MaxLength:1024"], "controlstyle": "width:320px"},

      { "name": "link", "control": "link_browser", "caption": "Link", "length": 1024, "validate": ["MaxLength:1024"], "controlstyle": "width:320px"},

      { "name": "linkTarget", "type": "varchar", "control": "dropdown", "caption": "Link Target", "default": "",
          "lov": { "values": { "": "Same Window", "_blank": "New Window" } }},

      { "name": "contentOverlayShadow", "type": "varchar", "control": "dropdown", "caption": "Shadow Overlay", "default": "none",
        "lov": { "values": { "none": "None", "light_full": "Light Shadow", "heavy_full": "Heavy Shadow" } }},
  
      { "name": "cssClass", "caption": "CSS Class", "type": "varchar", "length": 1024, "captionstyle":"margin-left:7px;", "nl": false,
        "control": "textbox", "controlstyle": "width:320px", "validate": ["MaxLength:1024"]},

      { "name": "body", "type": "varchar", "control": "hidden", "caption": "" },

      { "name": "title", "type": "varchar", "control": "hidden", "caption": "" }
    ]
  }
}