{
  "cms.page": {
    "columns": [
      { "name": "page_id", "type": "bigint", "key": true, "identity": true, "null": false }
    ],
    "sample_data": [
      { "page_path": "/", "page_title": "Company Site", "page_author": 1, "page_template_id": "default", "_FILES": { "page_home.json": "page/{{page_id}}.json" } },
      { "page_path": "/about/", "page_title": "About Us", "page_author": 1, "page_template_id": "1col_sidebar", "_FILES": { "page_about.json": "page/{{page_id}}.json" } },
      { "page_path": "/services/", "page_title": "Services", "page_author": 1, "page_template_id": "default", "_FILES": { "page_services.json": "page/{{page_id}}.json" } },
      { "page_path": "/services/engage-users/", "page_title": "Engage Users", "page_author": 1, "page_template_id": "default", "_FILES": { "page_services_engageUsers.json": "page/{{page_id}}.json" } },
      { "page_path": "/services/expand-capability/", "page_title": "Expand Capability", "page_author": 1, "page_template_id": "default", "_FILES": { "page_services_expandCapability.json": "page/{{page_id}}.json" } },
      { "page_path": "/services/deliver-results/", "page_title": "Deliver Results", "page_author": 1, "page_template_id": "default", "_FILES": { "page_services_deliverResults.json": "page/{{page_id}}.json" } },
      { "page_path": "/services/improve-forecasts/", "page_title": "Improve Forecasts", "page_author": 1, "page_template_id": "default", "_FILES": { "page_services_improveForecasts.json": "page/{{page_id}}.json" } },
      { "page_path": "/contact/", "page_title": "Contact", "page_author": 1, "page_template_id": "default", "_FILES": { "page_contact.json": "page/{{page_id}}.json" } },
      { "_FILES": { "page_careers.json": "page/9.json" } },
      { "_FILES": { "page_testimonials.json": "page/10.json" } },
      { "_FILES": { "page_careers_designer.json": "page/11.json" } },
    ]
  },
  "cms.branch_page": {
    "columns": [
      { "name": "branch_page_id", "type": "bigint", "key": true, "identity": true, "null": false }
    ],
    "data_keys": ["branch_id","page_key"],
    "sample_data": [
      { "branch_id": "1", "page_key": "1", "page_id": "1", "page_orig_id": "1" },
      { "branch_id": "1", "page_key": "2", "page_id": "2", "page_orig_id": "2" },
      { "branch_id": "1", "page_key": "3", "page_id": "3", "page_orig_id": "3" },
      { "branch_id": "1", "page_key": "4", "page_id": "4", "page_orig_id": "4" },
      { "branch_id": "1", "page_key": "5", "page_id": "5", "page_orig_id": "5" },
      { "branch_id": "1", "page_key": "6", "page_id": "6", "page_orig_id": "6" },
      { "branch_id": "1", "page_key": "7", "page_id": "7", "page_orig_id": "7" },
      { "branch_id": "1", "page_key": "8", "page_id": "8", "page_orig_id": "8" },
    ]
  }
}