{
  "title": "One-Column",
  "default_content": {
    "body": "Page Content"
  },
  "remote_template": {
    "editor": "%%%editor_base_url%%%/templates/page/default.editor.html?page_key=%%%page_key%%%&page_id=%%%page_id%%%&branch_id=%%%branch_id%%%&page_template_id=%%%page_template_id%%%&env=%%%env%%%&_=%%%timestamp%%%",
    "publish": "%%%publish_template_base_url%%%/templates/page/default.publish.html?_=%%%timestamp%%%"
  },
  "content_elements": {
    "body": { "type": "htmleditor", "title": "Body" }
  },
  "properties": {
    "fields": [
      { "name": "showTitle", "caption": "Show Title", "type": "varchar", "length": "32", "default": "Y",
        "control": "checkbox", "controlparams": { "value_true": "Y", "value_false": "N" } },

      { "name": "bodyClass", "caption": "Body CSS Class", "type": "varchar", "length": 1024,
        "control": "textbox", "controlstyle": "width:400px", "validate": ["MaxLength:1024"]},

      { "name": "bodyStyle", "caption": "Body CSS Style", "type": "varchar", "length": 1024,
        "control": "textbox", "controlstyle": "width:400px", "validate": ["MaxLength:1024"]}
    ]
  }
}