{"title":"About Us","css":"","header":"","footer":"","properties":{"showTitle":"Y","bodyClass":"","bodyStyle":""},"content":{"body":"<p style=\"text-align: left;\">&#160;</p>\n<p style=\"text-align: left;\">Lorem ipsum dolor sit amet, consectetur adipiscing elit. Nam eu eros varius, sagittis mi id, consequat lacus. Vestibulum eu feugiat metus. Sed consectetur ornare diam, vel tempor sapien convallis non. Maecenas maximus ultrices vestibulum. Mauris ac placerat ex. Maecenas aliquam dui vulputate, commodo orci vitae, egestas nibh. Maecenas et blandit erat.<br /><br /></p>\n<h3 style=\"text-align: center;\">Meet Our Team<br /><br /></h3>\n<div class=\"mceTmpl pnlBios\">\n<div class=\"pnlBios_bio\">\n<div class=\"pnlBios_photo\">\n<div class=\"pnlBios_spacer\"></div>\n<img src=\"https://localhost:8081/_funcs/media/3/?media_file_id=3#@JSHCMS\" width=\"400\" height=\"400\" /></div>\n<h3 class=\"pnlBios_name\">Amy Johnson</h3>\n<div class=\"pnlBios_title\">Title</div>\n<div class=\"pnlBios_desc\">Lorem ipsum dolor sit amet, consectetur adipiscing elit, nam eu eros varius.</div>\n</div>\n<div class=\"pnlBios_bio\">\n<div class=\"pnlBios_photo\">\n<div class=\"pnlBios_spacer\"></div>\n<img src=\"https://localhost:8081/_funcs/media/4/?media_file_id=4#@JSHCMS\" width=\"400\" height=\"400\" /></div>\n<h3 class=\"pnlBios_name\">Steve Baker</h3>\n<div class=\"pnlBios_title\">Title</div>\n<div class=\"pnlBios_desc\">Lorem ipsum dolor sit amet, consectetur adipiscing elit, nam eu eros varius.</div>\n</div>\n<div class=\"pnlBios_bio\">\n<div class=\"pnlBios_photo\">\n<div class=\"pnlBios_spacer\"></div>\n<img src=\"https://localhost:8081/_funcs/media/5/?media_file_id=5#@JSHCMS\" width=\"400\" height=\"400\" /></div>\n<h3 class=\"pnlBios_name\">David Smith</h3>\n<div class=\"pnlBios_title\">Title</div>\n<div class=\"pnlBios_desc\">Lorem ipsum dolor sit amet, consectetur adipiscing elit, nam eu eros varius.</div>\n<div class=\"pnlBios_desc\"></div>\n</div>\n</div>\n<h3 style=\"text-align: center;\">Send us a message</h3>\n<div class=\"mceTmpl formContact\"><form action=\"mailto:user@company.com\" target=\"_blank\" method=\"post\" enctype=\"text/plain\">\n<table style=\"border-collapse: collapse; margin-left: auto; margin-right: auto;\">\n<tbody>\n<tr>\n<td><label>Name:</label></td>\n<td><input type=\"text\" name=\"Name\" required=\"required\" /></td>\n</tr>\n<tr>\n<td><label>Email:</label></td>\n<td><input type=\"email\" name=\"Email\" required=\"required\" pattern=\"[a-z0-9._%+-]+@[a-z0-9.-]+\\.[a-z]{2,}$\" title=\"Email Address\" /></td>\n</tr>\n<tr>\n<td><label>Phone:</label></td>\n<td><input type=\"tel\" name=\"Phone\" required=\"required\" pattern=\"[1\\-( ]*\\d{3}[\\-) ]*\\d{3}[ \\-]*\\d{4}.*\" title=\"Phone Number: ###-###-####\" placeholder=\"###-###-####\" /></td>\n</tr>\n<tr>\n<td colspan=\"2\" class=\"vert\"><label>How can we help you?</label> <textarea name=\"Message\" required=\"required\"></textarea></td>\n</tr>\n<tr>\n<td></td>\n<td align=\"left\"><input type=\"submit\" value=\"Send\" /></td>\n</tr>\n</tbody>\n</table>\n</form></div>"},"seo":{"title":"","keywords":"","metadesc":"","canonical_url":""},"lang":"","tags":"","author":"1"}