{"title":"Testimonials","css":"","header":"","footer":"","properties":{"showTitle":"Y","bodyClass":"","bodyStyle":""},"content":{"body":"<p>&#160;</p>\n<div class=\"mceTmpl pnlQuote fullWidth\" style=\"background-color: #02a9f5; color: #ffffff;\">\n<div class=\"pnlQuote_textContainer\">\n<div class=\"pnlQuote_quoteChar start\" style=\"text-align: right;\">&#8220;</div>\n<div class=\"pnlQuote_text\" style=\"text-align: right;\">Lorem ipsum dolor sit amet, nam eu eros varius.</div>\n<div class=\"pnlQuote_quoteChar end\">&#8221;</div>\n</div>\n<div class=\"pnlQuote_author\" style=\"text-align: right;\">Joyce Rosario<br />Saint Croix Island, ME</div>\n</div>\n<p>&#160;</p>\n<div class=\"mceTmpl pnlQuote fullWidth\" style=\"background-color: #4caf50; color: #ffffff;\">\n<div class=\"pnlQuote_textContainer\">\n<div class=\"pnlQuote_quoteChar start\">&#8220;</div>\n<div class=\"pnlQuote_text\">Nam eu eros varius, sagittis mi id.</div>\n<div class=\"pnlQuote_quoteChar end\">&#8221;</div>\n</div>\n<div class=\"pnlQuote_author\" style=\"text-align: left;\">Jack Meyers<br />Roanoke, NC</div>\n</div>\n<p>&#160;</p>\n<div class=\"mceTmpl pnlQuote fullWidth\" style=\"background-color: #fbc02d; color: #ffffff;\">\n<div class=\"pnlQuote_textContainer\">\n<div class=\"pnlQuote_quoteChar start\">&#8220;</div>\n<div class=\"pnlQuote_text\" style=\"text-align: right;\">Curabitur molestie enim in aliquam sagittis!</div>\n<div class=\"pnlQuote_quoteChar end\">&#8221;</div>\n</div>\n<div class=\"pnlQuote_author\">Keegan Wallace<br />Hampton, VA</div>\n</div>\n<p>&#160;</p>"},"seo":{"title":"","keywords":"","metadesc":"","canonical_url":""},"lang":"","tags":"","author":"1"}