{"title":"Careers","css":"","header":"","footer":"","properties":{"showTitle":"Y","bodyClass":"","bodyStyle":""},"content":{"col1":"<p>Lorem ipsum dolor sit amet, consectetur adipiscing elit. Nam eu eros varius, sagittis mi id, consequat lacus.</p>\n<h3>Company Benefits</h3>\n<ul>\n<li>Nunc dignissim consequat</li>\n<li>Libero, ac vulputate</li>\n<li>Ipsum semper ac</li>\n<li>Vestibulum ultricies nisi vitae blandit</li>\n<li>vestibulum. Curabitur</li>\n<li>Nulla facilisi</li>\n<li>Donec et nibh convallis</li>\n<li>Mollis mi vitae, ultrices ante</li>\n<li>Nam nec gravida sapien</li>\n<li>Cras aliquam sollicitudin iaculis</li>\n</ul>\n<p>&#160;</p>\n<p>Explore our current positions <span class=\"material-icons\">&#58133;</span></p>","col2":"<h5>Client Services Coordinator</h5>\n<p><strong>Job Summary:</strong><br />Lorem ipsum dolor sit amet, consectetur adipiscing elit. Nam eu eros varius, sagittis mi id, consequat lacus. Vestibulum eu feugiat metus. Sed consectetur ornare diam, vel tempor sapien convallis non. Maecenas maximus ultrices vestibulum. Mauris ac placerat ex. Maecenas aliquam dui vulputate, commodo orci vitae, egestas nibh. Maecenas et blandit erat.</p>\n<p><strong>Requirements:<br /></strong>Aliquam euismod, velit id tristique mollis, eros ipsum finibus lacus, facilisis maximus urna tortor non eros. Nam ac leo dolor. Phasellus eu quam at ex accumsan sodales et sit amet lorem.</p>\n<p><a class=\"mceTmpl btnCTA\" href=\"mailto:user@company.com\" onclick=\"return jshInstance.Navigate(this);\">Apply Now</a></p>\n<p>&#160;</p>\n<h5>Senior Project Manager</h5>\n<p><strong>Job Summary:</strong><br />Lorem ipsum dolor sit amet, consectetur adipiscing elit. Nam eu eros varius, sagittis mi id, consequat lacus. Vestibulum eu feugiat metus. Sed consectetur ornare diam, vel tempor sapien convallis non. Maecenas maximus ultrices vestibulum. Mauris ac placerat ex. Maecenas aliquam dui vulputate, commodo orci vitae, egestas nibh. Maecenas et blandit erat.</p>\n<p><strong>Requirements:<br /></strong>Aliquam euismod, velit id tristique mollis, eros ipsum finibus lacus, facilisis maximus urna tortor non eros. Nam ac leo dolor. Phasellus eu quam at ex accumsan sodales et sit amet lorem.</p>\n<p><a class=\"mceTmpl btnCTA\" href=\"mailto:user@company.com\" onclick=\"return jshInstance.Navigate(this);\">Apply Now</a></p>"},"seo":{"title":"","keywords":"","metadesc":"","canonical_url":""},"lang":"","tags":"","author":"1"}